categoria_id,descricao,nome,nr_musicas,playlist_id,uri
0JQ5DAt0tbjZptfcdMSKl3,Podcast episodes picked just for you,Daily Podcasts,0,37i9dQZF1EnOBYmteT8p3O,spotify:playlist:37i9dQZF1EnOBYmteT8p3O
0JQ5DAqbMKFz6FAsUtgAab,"Os lan√ßamentos dessa semana incluem Ferrugem, Billie Eilish, MC Caveirinha e muito mais!",Novidades da Semana,67,37i9dQZF1DX34KNiFQJNVm,spotify:playlist:37i9dQZF1DX34KNiFQJNVm
0JQ5DAqbMKFLVaM30PMBm4,fecha os olhos e aperta o play: bem vindo ao ver√£o do Rio de Janeiro! / Co-curada por @juliaana.farias,Ver√£o do Rio de Janeiro,50,37i9dQZF1DWYRXTdDUeLwT,spotify:playlist:37i9dQZF1DWYRXTdDUeLwT
0JQ5DAqbMKFLVaM30PMBm4,Bem vindo ao ver√£o de BH! co-curada por @diegoevictorhugo,Ver√£o de BH,24,37i9dQZF1DWZjnMMy0dvW6,spotify:playlist:37i9dQZF1DWZjnMMy0dvW6
0JQ5DAqbMKFLVaM30PMBm4,Bem-vindo ao ver√£o de Salvador! Co-curada por @rafaelaamoreira2,Ver√£o de Salvador,50,37i9dQZF1DWWD6GaE8Tjoa,spotify:playlist:37i9dQZF1DWWD6GaE8Tjoa
0JQ5DAqbMKFLVaM30PMBm4,bem vindo ao ver√£o de Manaus! Co-curada por @vito,Ver√£o de Manaus,50,37i9dQZF1DX51JTw1cvYv7,spotify:playlist:37i9dQZF1DX51JTw1cvYv7
0JQ5DAqbMKFLVaM30PMBm4,Bem-vindo ao ver√£o de S√£o Paulo! Co-curada por @transpreta,Ver√£o de S√£o Paulo,40,37i9dQZF1DX3N4adN0GKR3,spotify:playlist:37i9dQZF1DX3N4adN0GKR3
0JQ5DAqbMKFLVaM30PMBm4,Bem-vindo ao ver√£o de Bel√©m! Co-curada por @tradutorparaense,Ver√£o de Bel√©m,49,37i9dQZF1DX1sXFKfm7uCv,spotify:playlist:37i9dQZF1DX1sXFKfm7uCv
0JQ5DAqbMKFLVaM30PMBm4,bem vindo ao ver√£o de S√£o Lu√≠s! Co-curada por @joaoferdnan,Ver√£o de S√£o Lu√≠s,49,37i9dQZF1DWZDpQqAkaolE,spotify:playlist:37i9dQZF1DWZDpQqAkaolE
0JQ5DAqbMKFLVaM30PMBm4,bem vindo ao ver√£o de Porto Alegre! / Co-curada por @gaeltrombini,Ver√£o de Porto Alegre,50,37i9dQZF1DX03HkoQnP0p0,spotify:playlist:37i9dQZF1DX03HkoQnP0p0
0JQ5DAqbMKFLVaM30PMBm4,bem vindo ao ver√£o de Goi√¢nia! Co-curada por @viviilandim,Ver√£o de Goi√¢nia,50,37i9dQZF1DX7PrCArhVuzK,spotify:playlist:37i9dQZF1DX7PrCArhVuzK
0JQ5DAqbMKFLVaM30PMBm4,bem vindo ao ver√£o de Aracaju! Co-curada por @tamilegarcia,Ver√£o de Aracaju,50,37i9dQZF1DWTGL00JYYKK6,spotify:playlist:37i9dQZF1DWTGL00JYYKK6
0JQ5DAqbMKFLVaM30PMBm4,"aqui tem feijoada hot dog com pur√™ sushi farofa a√ßa√≠ cm peixe frito enfim desfrute / Foto: Mc Jacar√©, Luan Pereira",PURO SUCO DO BRASIL,85,37i9dQZF1DWUSHGSJhLype,spotify:playlist:37i9dQZF1DWUSHGSJhLype
0JQ5DAqbMKFLVaM30PMBm4,Tem Sertanejo! Tem Funk! Tem Pagode! A melhor trilha pra embalar o seu churrasco.,Sol e Churrasco,100,37i9dQZF1DXb1oSegSL8id,spotify:playlist:37i9dQZF1DXb1oSegSL8id
0JQ5DAqbMKFLVaM30PMBm4,Um pouco de reggae pra acompanhar a brisa do mar.,Praiana,60,37i9dQZF1DX1AjDRHleN7v,spotify:playlist:37i9dQZF1DX1AjDRHleN7v
0JQ5DAqbMKFLVaM30PMBm4,Entre na onda com hits tropicais e remixes para curtir a praia com amigos.,Festa na Praia,70,37i9dQZF1DX41UmHm2vtav,spotify:playlist:37i9dQZF1DX41UmHm2vtav
0JQ5DAqbMKFLVaM30PMBm4,The summer needs dance hits üòé‚òÄÔ∏è,Summer Dance Hits 2024,120,37i9dQZF1DWZ7eJRBxKzdO,spotify:playlist:37i9dQZF1DWZ7eJRBxKzdO
0JQ5DAqbMKFLVaM30PMBm4,Vai curtir um dia no parque? A tarde com os amigos? √â s√≥ dar play e sair pro sol.,Sol de Domingo,60,37i9dQZF1DWSRkJG9UvIz1,spotify:playlist:37i9dQZF1DWSRkJG9UvIz1
0JQ5DAqbMKFLVaM30PMBm4,Vers√µes desplugadas para curtir um reggae com os p√©s na areia!,Luau Jah,75,37i9dQZF1DWYkosMCdlEHA,spotify:playlist:37i9dQZF1DWYkosMCdlEHA
0JQ5DAqbMKFLVaM30PMBm4,Home is where you park it.,Van Life,100,37i9dQZF1DX2ogDiL6nZJr,spotify:playlist:37i9dQZF1DX2ogDiL6nZJr
0JQ5DAqbMKFLVaM30PMBm4,Sambinhas selecionados especialmente pra voc√™ curtir um dia de sol.,Samba & √°gua fresca,100,37i9dQZF1DWWXR7eYLCoKN,spotify:playlist:37i9dQZF1DWWXR7eYLCoKN
0JQ5DAqbMKFLVaM30PMBm4,M√∫sica brasileira e as cores de um p√¥r do sol para completar o seu dia.,P√¥r do sol na areia,85,37i9dQZF1DWXHa19SBc9xY,spotify:playlist:37i9dQZF1DWXHa19SBc9xY
0JQ5DAqbMKFKGQWi5egawY,Simone Mendes e os maiores hits do pa√≠s. O que t√° bombando t√° aqui.,Top Brasil,50,37i9dQZF1DX0FOF1IUWK1W,spotify:playlist:37i9dQZF1DX0FOF1IUWK1W
0JQ5DAqbMKFKGQWi5egawY,O melhor do sertanejo em uma s√≥ playlist! Foto: Felipe & Rodrigo,Esquenta Sertanejo,49,37i9dQZF1DXdSjVZQzv2tl,spotify:playlist:37i9dQZF1DXdSjVZQzv2tl
0JQ5DAqbMKFKGQWi5egawY,"N√£o Vou Namorar e os funks mais üîë do Brasil. Foto: DJ Ws da Igrejinha, DJ JO√ÉO PEREIRA, Mc Dudu Sk, MC TH DA SERRA",Funk Hits,50,37i9dQZF1DWTkIwO2HDifB,spotify:playlist:37i9dQZF1DWTkIwO2HDifB
0JQ5DAqbMKFKGQWi5egawY,Os sucessos e as novidades dos grandes nomes do pagode. Foto: Belo,Pagodeira,75,37i9dQZF1DWVjNkaVEkL3X,spotify:playlist:37i9dQZF1DWVjNkaVEkL3X
0JQ5DAqbMKFKGQWi5egawY,"Fique por dentro dos lan√ßamentos e das m√∫sicas que est√£o na boca da galera. Foto: Luan Pereira, Murilo Huff",Pot√™ncia Sertaneja,81,37i9dQZF1DX5lAV5ZGu9ik,spotify:playlist:37i9dQZF1DX5lAV5ZGu9ik
0JQ5DAqbMKFKGQWi5egawY,"Os hits do forr√≥, arrocha, pagod√£o e bregadeira! Foto: Henry Freitas",Pared√£o Explode,59,37i9dQZF1DXcedEPj5nsZ0,spotify:playlist:37i9dQZF1DXcedEPj5nsZ0
0JQ5DAqbMKFKGQWi5egawY,o melhor do trap d√° o play e aumenta! Foto: MC Caverinha,Trapperz Brasil,50,37i9dQZF1DWWr5uieiPUVM,spotify:playlist:37i9dQZF1DWWr5uieiPUVM
0JQ5DAqbMKFKGQWi5egawY,"As novidades do forr√≥! Foto: MC Livinho, Mari Fernandez",FORR√ì 2.0,64,37i9dQZF1DWXFLyAKm1KMY,spotify:playlist:37i9dQZF1DWXFLyAKm1KMY
0JQ5DAqbMKFKGQWi5egawY,A palavra do Senhor na voz de grandes adoradores do Brasil. Foto: fhop music,Sucessos Gospel,75,37i9dQZF1DX0OEZC3cbQmU,spotify:playlist:37i9dQZF1DX0OEZC3cbQmU
0JQ5DAqbMKFKGQWi5egawY,ou vc dan√ßa ou o grave t balan√ßa,funk challenge,67,37i9dQZF1DWSlRNWoWejBr,spotify:playlist:37i9dQZF1DWSlRNWoWejBr
0JQ5DAqbMKFKGQWi5egawY,"As novidades do forr√≥! Foto: MC Livinho, Mari Fernandez",FORR√ì 2.0,64,37i9dQZF1DWXFLyAKm1KMY,spotify:playlist:37i9dQZF1DWXFLyAKm1KMY
0JQ5DAqbMKFKGQWi5egawY,"Os hits do forr√≥, arrocha, pagod√£o e bregadeira! Foto: Henry Freitas",Pared√£o Explode,59,37i9dQZF1DXcedEPj5nsZ0,spotify:playlist:37i9dQZF1DXcedEPj5nsZ0
0JQ5DAqbMKFKGQWi5egawY,"As novidades e hits do piseiro! Foto: Eric Land, MC PH",Pisadinha e Piseiro,80,37i9dQZF1DXcCxkJNppBVW,spotify:playlist:37i9dQZF1DXcCxkJNppBVW
0JQ5DAqbMKFKGQWi5egawY,"onde h√° üî• h√° BRASA! sentiu o calor? Foto: Manu, Xand Avi√£o",BRASA,80,37i9dQZF1DX3vtb4am50ft,spotify:playlist:37i9dQZF1DX3vtb4am50ft
0JQ5DAqbMKFKGQWi5egawY,Pra vaqueirama de verdade. Foto: Thulio Milion√°rio,Forr√≥ de Vaquejada,65,37i9dQZF1DWVzWEsonvUyr,spotify:playlist:37i9dQZF1DWVzWEsonvUyr
0JQ5DAqbMKFKGQWi5egawY,"hoje vc pisa...amanh√£ vc sofre!! Foto: Jonas Esticado, Mari Fernandez",pisa e sofre,60,37i9dQZF1DX0Mv9kGvSKmv,spotify:playlist:37i9dQZF1DX0Mv9kGvSKmv
0JQ5DAqbMKFKGQWi5egawY,"O melhor do forr√≥ rom√¢ntico e do forr√≥ de favela. Foto: Iguinho e Lulinha, Xand Avi√£o",Forr√≥ Rom√¢ntico,60,37i9dQZF1DWTo645rcXEVL,spotify:playlist:37i9dQZF1DWTo645rcXEVL
0JQ5DAqbMKFKGQWi5egawY,"O forr√≥ tradicional,  o xote, o bai√£o, todos reunidos pra dan√ßar agarradinho. Foto: Elba Ramalho",Forr√≥ P√© de Serra,50,37i9dQZF1DX1JLGl05i0Pq,spotify:playlist:37i9dQZF1DX1JLGl05i0Pq
0JQ5DAqbMKFKGQWi5egawY,"O melhor da fus√£o do Forr√≥ com o Sertanejo. Foto: Michele Andrade, Priscila Senna",Forronejo,60,37i9dQZF1DXbkU0pC52xDz,spotify:playlist:37i9dQZF1DXbkU0pC52xDz
0JQ5DAqbMKFKGQWi5egawY,"Queeeima pared√£o! Pra forrozeiro sofrer dan√ßando e dan√ßar sofrendo, bora.",Bora arrochar,100,37i9dQZF1DXdXbKzsf80lE,spotify:playlist:37i9dQZF1DXdXbKzsf80lE
0JQ5DAqbMKFJCTDO6ndZMP,O melhor do sertanejo em uma s√≥ playlist! Foto: Felipe & Rodrigo,Esquenta Sertanejo,49,37i9dQZF1DXdSjVZQzv2tl,spotify:playlist:37i9dQZF1DXdSjVZQzv2tl
0JQ5DAqbMKFJCTDO6ndZMP,"Fique por dentro dos lan√ßamentos e das m√∫sicas que est√£o na boca da galera. Foto: Luan Pereira, Murilo Huff",Pot√™ncia Sertaneja,81,37i9dQZF1DX5lAV5ZGu9ik,spotify:playlist:37i9dQZF1DX5lAV5ZGu9ik
0JQ5DAqbMKFJCTDO6ndZMP,O melhor do sertanejo com aquela pegada de mod√£o. Foto: C√©sar Menotti e Fabiano,Mod√£o Sertanejo,69,37i9dQZF1DX3R59Eoqqsy8,spotify:playlist:37i9dQZF1DX3R59Eoqqsy8
0JQ5DAqbMKFJCTDO6ndZMP,"Pegue a viola, relaxe e curta o bom e velho sertanejo raiz. Foto: Teodoro & Sampaio",Sertanejo Raiz,50,37i9dQZF1DWXeSNtpjKSsO,spotify:playlist:37i9dQZF1DWXeSNtpjKSsO
0JQ5DAqbMKFJCTDO6ndZMP,"A mistura dos dois g√™neros que os brasileiros amam ouvir! Foto: DENNIS, Ana Castela, Mc Gw",Funknejo,50,37i9dQZF1DWZLiXDryu4Fe,spotify:playlist:37i9dQZF1DWZLiXDryu4Fe
0JQ5DAqbMKFJCTDO6ndZMP,"Para sempre Rainha Mar√≠lia Mendon√ßa, que fortaleceu todas as mulheres do Sertanejo.",Rainhas do Sertanejo,75,37i9dQZF1DXcC14V9ZdJ9I,spotify:playlist:37i9dQZF1DXcC14V9ZdJ9I
0JQ5DAqbMKFJCTDO6ndZMP,O mod√£o em clima desplugado. Foto: √çcaro & Gilmar,Sertanejo Ac√∫stico,71,37i9dQZF1DX5v2FFZSCfVW,spotify:playlist:37i9dQZF1DX5v2FFZSCfVW
0JQ5DAqbMKFJCTDO6ndZMP,Cl√°ssicos para embalar o seu cora√ß√£o sertanejo. Foto: Chit√£ozinho & Xoror√≥,Cl√°ssicos Sertanejos,50,37i9dQZF1DX7IK76Iw6baR,spotify:playlist:37i9dQZF1DX7IK76Iw6baR
0JQ5DAqbMKFJCTDO6ndZMP,Esquenta Sertanejo apresenta... O Melhor do Sertanejo 2023,O Melhor de Esquenta Sertanejo 2023,50,37i9dQZF1DX2hYoMfUUte5,spotify:playlist:37i9dQZF1DX2hYoMfUUte5
0JQ5DAqbMKFJCTDO6ndZMP,"Os bruto, os r√∫stico, os amante da ro√ßa, o orgulho caipira sertanejo. Foto: US Agroboy, DJ Chris no Beat",Brutaiada,50,37i9dQZF1DXbreaE9ZyXxb,spotify:playlist:37i9dQZF1DXbreaE9ZyXxb
0JQ5DAqbMKFJCTDO6ndZMP,"A mistura dos dois g√™neros que os brasileiros amam ouvir! Foto: DENNIS, Ana Castela, Mc Gw",Funknejo,50,37i9dQZF1DWZLiXDryu4Fe,spotify:playlist:37i9dQZF1DWZLiXDryu4Fe
0JQ5DAqbMKFJCTDO6ndZMP,"Os bruto, os r√∫stico, os amante da ro√ßa, o orgulho caipira sertanejo. Foto: US Agroboy, DJ Chris no Beat",Brutaiada,50,37i9dQZF1DXbreaE9ZyXxb,spotify:playlist:37i9dQZF1DXbreaE9ZyXxb
0JQ5DAqbMKFJCTDO6ndZMP,"O melhor da fus√£o do Forr√≥ com o Sertanejo. Foto: Michele Andrade, Priscila Senna",Forronejo,60,37i9dQZF1DXbkU0pC52xDz,spotify:playlist:37i9dQZF1DXbkU0pC52xDz
0JQ5DAqbMKFJCTDO6ndZMP,"O melhor da mistura do Pagode com o Sertanejo! Foto: Gabrielzinho, Diego & Victor Hugo",Pagonejo,75,37i9dQZF1DX8zzEIlrraBU,spotify:playlist:37i9dQZF1DX8zzEIlrraBU
0JQ5DAqbMKFJCTDO6ndZMP,Cl√°ssicos para embalar o seu cora√ß√£o sertanejo. Foto: Chit√£ozinho & Xoror√≥,Cl√°ssicos Sertanejos,50,37i9dQZF1DX7IK76Iw6baR,spotify:playlist:37i9dQZF1DX7IK76Iw6baR
0JQ5DAqbMKFJCTDO6ndZMP,"Pegue a viola, relaxe e curta o bom e velho sertanejo raiz. Foto: Teodoro & Sampaio",Sertanejo Raiz,50,37i9dQZF1DWXeSNtpjKSsO,spotify:playlist:37i9dQZF1DWXeSNtpjKSsO
0JQ5DAqbMKFJCTDO6ndZMP,O melhor do sertanejo com aquela pegada de mod√£o. Foto: C√©sar Menotti e Fabiano,Mod√£o Sertanejo,69,37i9dQZF1DX3R59Eoqqsy8,spotify:playlist:37i9dQZF1DX3R59Eoqqsy8
0JQ5DAqbMKFJCTDO6ndZMP,This is Rionegro & Solim√µes. Todos os maiores hits em uma s√≥ playlist.,This Is Rionegro & Solim√µes,50,37i9dQZF1DZ06evO1LJ7ge,spotify:playlist:37i9dQZF1DZ06evO1LJ7ge
0JQ5DAqbMKFJCTDO6ndZMP,This is Edson & Hudson. Todos os maiores hits em uma s√≥ playlist.,This Is Edson & Hudson,50,37i9dQZF1DZ06evO3SFpRU,spotify:playlist:37i9dQZF1DZ06evO3SFpRU
0JQ5DAqbMKFJCTDO6ndZMP,This is Di Paullo & Paulino. Todos os maiores hits em uma s√≥ playlist.,This Is Di Paullo & Paulino,50,37i9dQZF1DZ06evO0Fj4S8,spotify:playlist:37i9dQZF1DZ06evO0Fj4S8
0JQ5DAqbMKFCkm2Enfbj7Y,"N√£o Vou Namorar e os funks mais üîë do Brasil. Foto: DJ Ws da Igrejinha, DJ JO√ÉO PEREIRA, Mc Dudu Sk, MC TH DA SERRA",Funk Hits,50,37i9dQZF1DWTkIwO2HDifB,spotify:playlist:37i9dQZF1DWTkIwO2HDifB
0JQ5DAqbMKFCkm2Enfbj7Y,ou vc dan√ßa ou o grave t balan√ßa,funk challenge,67,37i9dQZF1DWSlRNWoWejBr,spotify:playlist:37i9dQZF1DWSlRNWoWejBr
0JQ5DAqbMKFCkm2Enfbj7Y,tu√™ e tutu filhos da noite empurrando o palio na marginal,creme,60,37i9dQZF1DX7f8PyAQL3rz,spotify:playlist:37i9dQZF1DX7f8PyAQL3rz
0JQ5DAqbMKFCkm2Enfbj7Y,"Liga a rapa e marcha no que √©. Foto: Mc Brinquedo, MC Cebezinho, MC Tuto, Mc Laranjinha",Churrasquin dos Cria,50,37i9dQZF1DXa4pzcufmR8n,spotify:playlist:37i9dQZF1DXa4pzcufmR8n
0JQ5DAqbMKFCkm2Enfbj7Y,"A mistura dos dois g√™neros que os brasileiros amam ouvir! Foto: DENNIS, Ana Castela, Mc Gw",Funknejo,50,37i9dQZF1DWZLiXDryu4Fe,spotify:playlist:37i9dQZF1DWZLiXDryu4Fe
0JQ5DAqbMKFCkm2Enfbj7Y,"O funk t√° diferente, meu s√≥cio. Vem pro som do bolol√¥. Foto: Mc Davi, Mc Livinho, Mc Don Juan, Mc Phe Cachorrera, Mc PP da VS, MC G15, Mc Kelvinho, Mc Dricka, TrapLaudo, Mc Kadu, MC LUUKY, Mc Kanhoto, MC Kapela, Predella, Gaab, Perera DJ, iShowSpeed, DJ Glenner, Veiga no Beat",Revoada,55,37i9dQZF1DX4MdXmAY6EDq,spotify:playlist:37i9dQZF1DX4MdXmAY6EDq
0JQ5DAqbMKFCkm2Enfbj7Y,Novidades do Funk para incendiar o baile! Foto: Mac J√∫lia,Bonde do Funk,71,37i9dQZF1DWYYeOy9vs7I5,spotify:playlist:37i9dQZF1DWYYeOy9vs7I5
0JQ5DAqbMKFCkm2Enfbj7Y,O consciente que manda o papo reto. Foto: MC Kadu,Funk Consciente,65,37i9dQZF1DX9We8dK817NX,spotify:playlist:37i9dQZF1DX9We8dK817NX
0JQ5DAqbMKFCkm2Enfbj7Y,"MC Paulin da Capital, Mc Piedro, Dj GM, DJ WN, MC Ryan SP, Mc Daniel e mais artistas da cultura preta brasileira, puxando o bonde pra geral ganhar o mundo.",AMPLIFIKA,50,37i9dQZF1DX95vhptNy3YE,spotify:playlist:37i9dQZF1DX95vhptNy3YE
0JQ5DAqbMKFCkm2Enfbj7Y,√≥ m√£e como a _______ ta no baile,FLUXO FORTE,63,37i9dQZF1DX6c9yVebnzyY,spotify:playlist:37i9dQZF1DX6c9yVebnzyY
0JQ5DAqbMKFCkm2Enfbj7Y,eh bruxaria eh phonk eh automotivo vish ESTORAMO SEU T√çMPANO ,BEAT AGRESSIVO,70,37i9dQZF1DWYzunN6t07GD,spotify:playlist:37i9dQZF1DWYzunN6t07GD
0JQ5DAqbMKFCkm2Enfbj7Y,Eu quero funk pra rebolar! Foto: Bianca,Funk Pop,55,37i9dQZF1DWW6EwN6CPxGO,spotify:playlist:37i9dQZF1DWW6EwN6CPxGO
0JQ5DAqbMKFCkm2Enfbj7Y,O consciente que manda o papo reto. Foto: MC Kadu,Funk Consciente,65,37i9dQZF1DX9We8dK817NX,spotify:playlist:37i9dQZF1DX9We8dK817NX
0JQ5DAqbMKFCkm2Enfbj7Y,Buscando a melhoria sempre. Foto: MC Leozinho ZS,Funk Venceu,63,37i9dQZF1DX2mPnuv6Mm80,spotify:playlist:37i9dQZF1DX2mPnuv6Mm80
0JQ5DAqbMKFCkm2Enfbj7Y,"A trilha da sarrada perfeita!  Foto: MC Jacar√©, JS o M√£o de Ouro, Thiaguinho MT",Brega Funk,50,37i9dQZF1DWZgZxLup5qYy,spotify:playlist:37i9dQZF1DWZgZxLup5qYy
0JQ5DAqbMKFCkm2Enfbj7Y,"O funk t√° diferente, meu s√≥cio. Vem pro som do bolol√¥. Foto: Mc Davi, Mc Livinho, Mc Don Juan, Mc Phe Cachorrera, Mc PP da VS, MC G15, Mc Kelvinho, Mc Dricka, TrapLaudo, Mc Kadu, MC LUUKY, Mc Kanhoto, MC Kapela, Predella, Gaab, Perera DJ, iShowSpeed, DJ Glenner, Veiga no Beat",Revoada,55,37i9dQZF1DX4MdXmAY6EDq,spotify:playlist:37i9dQZF1DX4MdXmAY6EDq
0JQ5DAqbMKFCkm2Enfbj7Y,O melhor da mistura do Funk com beat eletr√¥nico est√° aqui! Foto: DJ GBR,Rave Funk,50,37i9dQZF1DX1pl2bOU4cVI,spotify:playlist:37i9dQZF1DX1pl2bOU4cVI
0JQ5DAqbMKFCkm2Enfbj7Y,bonde do tubar√£o na tropa esque√ßa tudo,Tropa dos Brabo,70,37i9dQZF1DWTGaQ84g8alz,spotify:playlist:37i9dQZF1DWTGaQ84g8alz
0JQ5DAqbMKFCkm2Enfbj7Y,This is MC Marcinho. Todos os maiores hits em uma s√≥ playlist.,This Is MC Marcinho,50,37i9dQZF1DZ06evO2kABV1,spotify:playlist:37i9dQZF1DZ06evO2kABV1
0JQ5DAqbMKFCkm2Enfbj7Y,"sem romance pouco papo q hj nois ta a trabalho. Foto: Mac J√∫lia, MC NAHARA",BANDIDA PERVERSA,61,37i9dQZF1DWTSW6EnevZMi,spotify:playlist:37i9dQZF1DWTSW6EnevZMi
0JQ5DAudkNjCgYMM0TZXDw,Your weekly update of the most played tracks right now - Global.,Top Songs - Global,50,37i9dQZEVXbNG2KDcFcKOF,spotify:playlist:37i9dQZEVXbNG2KDcFcKOF
0JQ5DAudkNjCgYMM0TZXDw,Your weekly update of the most played tracks right now - Brazil.,Top Songs - Brazil,50,37i9dQZEVXbKzoK95AbRy9,spotify:playlist:37i9dQZEVXbKzoK95AbRy9
0JQ5DAudkNjCgYMM0TZXDw,Your daily update of the most played tracks right now - Global.,Top 50 - Global,50,37i9dQZEVXbMDoHDwVN2tF,spotify:playlist:37i9dQZEVXbMDoHDwVN2tF
0JQ5DAudkNjCgYMM0TZXDw,Your daily update of the most played tracks right now - Brazil.,Top 50 - Brazil,50,37i9dQZEVXbMXbN3EUUhlg,spotify:playlist:37i9dQZEVXbMXbN3EUUhlg
0JQ5DAudkNjCgYMM0TZXDw,Your daily update of the most viral tracks right now - Global.,Viral 50 - Global,50,37i9dQZEVXbLiRSasKsNU9,spotify:playlist:37i9dQZEVXbLiRSasKsNU9
0JQ5DAudkNjCgYMM0TZXDw,Your daily update of the most viral tracks right now - Brazil.,Viral 50 - Brazil,50,37i9dQZEVXbMOkSwG072hV,spotify:playlist:37i9dQZEVXbMOkSwG072hV
0JQ5DAudkNjCgYMM0TZXDw,Your weekly update of the most played tracks right now - Global.,Top Songs - Global,50,37i9dQZEVXbNG2KDcFcKOF,spotify:playlist:37i9dQZEVXbNG2KDcFcKOF
0JQ5DAudkNjCgYMM0TZXDw,Your weekly update of the most played tracks right now - Argentina.,Top Songs - Argentina,50,37i9dQZEVXbKPTKrnFPD0G,spotify:playlist:37i9dQZEVXbKPTKrnFPD0G
0JQ5DAudkNjCgYMM0TZXDw,Your weekly update of the most played tracks right now - Australia.,Top Songs - Australia,50,37i9dQZEVXbK4fwx2r07XW,spotify:playlist:37i9dQZEVXbK4fwx2r07XW
0JQ5DAudkNjCgYMM0TZXDw,Your weekly update of the most played tracks right now - Austria.,Top Songs - Austria,50,37i9dQZEVXbM1EaZ0igDlz,spotify:playlist:37i9dQZEVXbM1EaZ0igDlz
0JQ5DAudkNjCgYMM0TZXDw,Your weekly update of the most played tracks right now - Belarus.,Top Songs - Belarus,50,37i9dQZEVXbLRLeF2cVSaP,spotify:playlist:37i9dQZEVXbLRLeF2cVSaP
0JQ5DAudkNjCgYMM0TZXDw,Your weekly update of the most played tracks right now - Belgium.,Top Songs - Belgium,50,37i9dQZEVXbND4ZYa46PaA,spotify:playlist:37i9dQZEVXbND4ZYa46PaA
0JQ5DAudkNjCgYMM0TZXDw,Your weekly update of the most played tracks right now - Bolivia.,Top Songs - Bolivia,50,37i9dQZEVXbJgjCMawPquO,spotify:playlist:37i9dQZEVXbJgjCMawPquO
0JQ5DAudkNjCgYMM0TZXDw,Your weekly update of the most played tracks right now - Brazil.,Top Songs - Brazil,50,37i9dQZEVXbKzoK95AbRy9,spotify:playlist:37i9dQZEVXbKzoK95AbRy9
0JQ5DAudkNjCgYMM0TZXDw,Your weekly update of the most played tracks right now - Bulgaria.,Top Songs - Bulgaria,50,37i9dQZEVXbJQbYjwxrhPm,spotify:playlist:37i9dQZEVXbJQbYjwxrhPm
0JQ5DAudkNjCgYMM0TZXDw,Your weekly update of the most played tracks right now - Canada.,Top Songs - Canada,50,37i9dQZEVXbMda2apknTqH,spotify:playlist:37i9dQZEVXbMda2apknTqH
0JQ5DAudkNjCgYMM0TZXDw,Your daily update of the most played tracks right now - Global.,Top 50 - Global,50,37i9dQZEVXbMDoHDwVN2tF,spotify:playlist:37i9dQZEVXbMDoHDwVN2tF
0JQ5DAudkNjCgYMM0TZXDw,Your daily update of the most played tracks right now - Argentina.,Top 50 - Argentina,50,37i9dQZEVXbMMy2roB9myp,spotify:playlist:37i9dQZEVXbMMy2roB9myp
0JQ5DAudkNjCgYMM0TZXDw,Your daily update of the most played tracks right now - Australia.,Top 50 - Australia,50,37i9dQZEVXbJPcfkRz0wJ0,spotify:playlist:37i9dQZEVXbJPcfkRz0wJ0
0JQ5DAudkNjCgYMM0TZXDw,Your daily update of the most played tracks right now - Austria.,Top 50 - Austria,50,37i9dQZEVXbKNHh6NIXu36,spotify:playlist:37i9dQZEVXbKNHh6NIXu36
0JQ5DAqbMKFIRybaNTYXXy,Sing along and enjoy the drive,Songs to Sing in the Car,100,37i9dQZF1DWWMOmoXKqHTD,spotify:playlist:37i9dQZF1DWWMOmoXKqHTD
0JQ5DAqbMKFIRybaNTYXXy,A soundtrack to fuel your good mood while on the road.,Classic Road Trip Songs,100,37i9dQZF1DX9wC1KY45plY,spotify:playlist:37i9dQZF1DX9wC1KY45plY
0JQ5DAqbMKFIRybaNTYXXy,Drive slow homie. cover: Big Tymers,Hip-Hop Drive,150,37i9dQZF1DWUFmyho2wkQU,spotify:playlist:37i9dQZF1DWUFmyho2wkQU
0JQ5DAqbMKFIRybaNTYXXy,Get in the zone with these current jams!,Daily Lift,100,37i9dQZF1DWU13kKnk03AP,spotify:playlist:37i9dQZF1DWU13kKnk03AP
0JQ5DAqbMKFIRybaNTYXXy,Classic rock to get your motor running. Cover: AC/DC,Classic Rock Drive,150,37i9dQZF1DXdOEFt9ZX0dh,spotify:playlist:37i9dQZF1DXdOEFt9ZX0dh
0JQ5DAqbMKFIRybaNTYXXy,Country music to accompany you on the open road. Cover: Cody Johnson,Country Drive,150,37i9dQZF1DXdfhOsjRMISB,spotify:playlist:37i9dQZF1DXdfhOsjRMISB
0JQ5DAqbMKFIRybaNTYXXy,Home is where you park it.,Van Life,100,37i9dQZF1DX2ogDiL6nZJr,spotify:playlist:37i9dQZF1DX2ogDiL6nZJr
0JQ5DAqbMKFIRybaNTYXXy,"The hottest tracks of today ft. Bryson Tiller, Tyla, Don Toliver and more.",Hot Rhythmic,80,37i9dQZF1DWYs83FtTMQFw,spotify:playlist:37i9dQZF1DWYs83FtTMQFw
0JQ5DAqbMKFIRybaNTYXXy,Country music to get you back to the basics.,Chillin' on a Dirt Road,100,37i9dQZF1DWTkxQvqMy4WW,spotify:playlist:37i9dQZF1DWTkxQvqMy4WW
0JQ5DAqbMKFIRybaNTYXXy,M√∫sicas gostosas para ouvir no carro e cantar com a toda a fam√≠lia!,Viagem em Fam√≠lia,50,37i9dQZF1DXbfbkcYSTZDF,spotify:playlist:37i9dQZF1DXbfbkcYSTZDF
0JQ5DAqbMKFIRybaNTYXXy,M√∫sicas gostosas de ouvir e curtir com a fam√≠lia. ,De Boas,50,37i9dQZF1DWVNU9KfaKX5z,spotify:playlist:37i9dQZF1DWVNU9KfaKX5z
0JQ5DAqbMKFIRybaNTYXXy,As novas e as cl√°ssicas da nossa m√∫sica brasileira para os pequenos.,MPB para Crian√ßas,50,37i9dQZF1DXbnTV8GtwMLQ,spotify:playlist:37i9dQZF1DXbnTV8GtwMLQ
0JQ5DAqbMKFIRybaNTYXXy,Alguns dos cl√°ssicos do Samba para escutar com a fam√≠lia toda.,Crescendo Com Samba,22,37i9dQZF1DX2c1e68SmjbK,spotify:playlist:37i9dQZF1DX2c1e68SmjbK
0JQ5DAqbMKFIRybaNTYXXy,Os melhores hits para escutar com a fam√≠lia toda!,Top Hits Kids,50,37i9dQZF1DX4yZFczQAmrf,spotify:playlist:37i9dQZF1DX4yZFczQAmrf
0JQ5DAqbMKFEC4WFtoNRpw,"Os hits e novos nomes do pop dividindo o mesmo palco!  / Foto: Lou Garcia, Marina Sena",Palco POP,85,37i9dQZF1DX7GWlXStIq5M,spotify:playlist:37i9dQZF1DX7GWlXStIq5M
0JQ5DAqbMKFEC4WFtoNRpw,Todo o calor latino est√° aqui! üî•  foto: Karol G ,Calorcito,90,37i9dQZF1DX7dXtI26GOnj,spotify:playlist:37i9dQZF1DX7dXtI26GOnj
0JQ5DAqbMKFEC4WFtoNRpw,Ou√ßa todas as novidades e hits do pop br aqui e agora! Foto: Elana Dara,Pop Brasil,55,37i9dQZF1DWVLcZxJO5zyf,spotify:playlist:37i9dQZF1DWVLcZxJO5zyf
0JQ5DAqbMKFEC4WFtoNRpw,"Novidades do pop nacional pra te deixar mais leve! Foto: PRISCILLA, P√©ricles",Pop Leve,79,37i9dQZF1DX8mWv7JDZ0Ht,spotify:playlist:37i9dQZF1DX8mWv7JDZ0Ht
0JQ5DAqbMKFEC4WFtoNRpw,Grandes hits do BR e do üåé . Foto: Anitta,Hot Hits Brasil,50,37i9dQZF1DX03VbhoH7arm,spotify:playlist:37i9dQZF1DX03VbhoH7arm
0JQ5DAqbMKFEC4WFtoNRpw,sim sou possessiva e esse bofe eh meu n gosto me processa / Ariana Grande,pov,60,37i9dQZF1DX54NB08XsyEC,spotify:playlist:37i9dQZF1DX54NB08XsyEC
0JQ5DAqbMKFEC4WFtoNRpw,Os maiores hits do pop dos √∫ltimos tempos est√£o reunidos nesta playlist! Foto: MADONNA,Hinos Pop,100,37i9dQZF1DX9VAqVAZ6EMr,spotify:playlist:37i9dQZF1DX9VAqVAZ6EMr
0JQ5DAqbMKFEC4WFtoNRpw,Listen to all of her hits right here!,This Is Anitta,79,37i9dQZF1DWTzoMWoVzs9W,spotify:playlist:37i9dQZF1DWTzoMWoVzs9W
0JQ5DAqbMKFEC4WFtoNRpw,This is Gloria Groove. Todos os maiores hits em uma s√≥ playlist.,This Is Gloria Groove,50,37i9dQZF1DZ06evO4puyK3,spotify:playlist:37i9dQZF1DZ06evO4puyK3
0JQ5DAqbMKFEC4WFtoNRpw,"This is J√£o. The essential tracks, all in one playlist.",This Is J√£o,31,37i9dQZF1DZ06evO31S3Vp,spotify:playlist:37i9dQZF1DZ06evO31S3Vp
0JQ5DAqbMKFEC4WFtoNRpw,nanananan√£ na na na na nananananan√£ n√£ nana nana,Hits da Internet,50,37i9dQZF1DXd2wJvXxyJb8,spotify:playlist:37i9dQZF1DXd2wJvXxyJb8
0JQ5DAqbMKFEC4WFtoNRpw,ou vc dan√ßa ou o grave t balan√ßa,funk challenge,67,37i9dQZF1DWSlRNWoWejBr,spotify:playlist:37i9dQZF1DWSlRNWoWejBr
0JQ5DAqbMKFEC4WFtoNRpw,"essa √© s√≥ pra quem vive no 2.0x
",speed BR,66,37i9dQZF1DWYNc7NGKACaE,spotify:playlist:37i9dQZF1DWYNc7NGKACaE
0JQ5DAqbMKFEC4WFtoNRpw,aquela l√° que t√° viral no seu feed sabe,faz a trend,60,37i9dQZF1DXdNL0ldoQCGi,spotify:playlist:37i9dQZF1DXdNL0ldoQCGi
0JQ5DAqbMKFEC4WFtoNRpw,sim sou possessiva e esse bofe eh meu n gosto me processa / Ariana Grande,pov,60,37i9dQZF1DX54NB08XsyEC,spotify:playlist:37i9dQZF1DX54NB08XsyEC
0JQ5DAqbMKFEC4WFtoNRpw,gringo criou brasileiro melhorouüòä,Vers√£o Brasileira ,61,37i9dQZF1DX7BBSkaEY659,spotify:playlist:37i9dQZF1DX7BBSkaEY659
0JQ5DAqbMKFEC4WFtoNRpw,"aqui tem feijoada hot dog com pur√™ sushi farofa a√ßa√≠ cm peixe frito enfim desfrute / Foto: Mc Jacar√©, Luan Pereira",PURO SUCO DO BRASIL,85,37i9dQZF1DWUSHGSJhLype,spotify:playlist:37i9dQZF1DWUSHGSJhLype
0JQ5DAqbMKFEC4WFtoNRpw,Ou√ßa todas as novidades e hits do pop br aqui e agora! Foto: Elana Dara,Pop Brasil,55,37i9dQZF1DWVLcZxJO5zyf,spotify:playlist:37i9dQZF1DWVLcZxJO5zyf
0JQ5DAqbMKFEC4WFtoNRpw,"""i just have to trust myself"" ‚à¥ W ‚à¥ Foto: WILLOW",do rockeeee,50,37i9dQZF1DX0PYkdiz2e8k,spotify:playlist:37i9dQZF1DX0PYkdiz2e8k
0JQ5DAqbMKFEC4WFtoNRpw,vamo sa√≠ qqer dia?,oiii,65,37i9dQZF1DXcSVNtcbJ15L,spotify:playlist:37i9dQZF1DXcSVNtcbJ15L
0JQ5DAqbMKFQ00XGBls6ym,o melhor do trap d√° o play e aumenta! Foto: MC Caverinha,Trapperz Brasil,50,37i9dQZF1DWWr5uieiPUVM,spotify:playlist:37i9dQZF1DWWr5uieiPUVM
0JQ5DAqbMKFQ00XGBls6ym,"MC Paulin da Capital, Mc Piedro, Dj GM, DJ WN, MC Ryan SP, Mc Daniel e mais artistas da cultura preta brasileira, puxando o bonde pra geral ganhar o mundo.",AMPLIFIKA,50,37i9dQZF1DX95vhptNy3YE,spotify:playlist:37i9dQZF1DX95vhptNy3YE
0JQ5DAqbMKFQ00XGBls6ym,Sinta o flow do rap em estilo ac√∫stico ou rom√¢ntico. Foto: Hungria Hip Hop,Rap Ac√∫stico,75,37i9dQZF1DWTf69iQOGkD2,spotify:playlist:37i9dQZF1DWTf69iQOGkD2
0JQ5DAqbMKFQ00XGBls6ym,"Music from Kendrick Lamar, Drake, Future and Metro Boomin.",RapCaviar,50,37i9dQZF1DX0XUsuxWHRQd,spotify:playlist:37i9dQZF1DX0XUsuxWHRQd
0JQ5DAqbMKFQ00XGBls6ym,"Real rap music from the golden era.
",I Love My '90s Hip-Hop,100,37i9dQZF1DX186v583rmzp,spotify:playlist:37i9dQZF1DX186v583rmzp
0JQ5DAqbMKFQ00XGBls6ym,Get your beast mode on!,Beast Mode,150,37i9dQZF1DX76Wlfdnj7AP,spotify:playlist:37i9dQZF1DX76Wlfdnj7AP
0JQ5DAqbMKFQ00XGBls6ym,"O Trap brasileiro puro ouro, entre lan√ßamentos e hits. Foto: Cryzin",Trap Ouro,75,37i9dQZF1DWYBXtbGSCurj,spotify:playlist:37i9dQZF1DWYBXtbGSCurj
0JQ5DAqbMKFQ00XGBls6ym,"Entre os versos e beats, a palavra do Senhor. Foto: Noventa, Vk Mac",Gospel Flow,85,37i9dQZF1DXc6PRIxq2w5v,spotify:playlist:37i9dQZF1DXc6PRIxq2w5v
0JQ5DAqbMKFQ00XGBls6ym,febem dropou aqla la e √â AULAS,AULAS,50,37i9dQZF1DWSIvbYYt1Dvi,spotify:playlist:37i9dQZF1DWSIvbYYt1Dvi
0JQ5DAqbMKFQ00XGBls6ym,Trapperz Brasil apresenta... O Melhor do Hip Hop 2023,O Melhor de Trapperz Brasil 2023,50,37i9dQZF1DWULHbs82dshJ,spotify:playlist:37i9dQZF1DWULHbs82dshJ
0JQ5DAqbMKFQ00XGBls6ym,Taking it way back! Cover: Snoop Dogg,Gold School,50,37i9dQZF1DWVA1Gq4XHa6U,spotify:playlist:37i9dQZF1DWVA1Gq4XHa6U
0JQ5DAqbMKFQ00XGBls6ym,"Real rap music from the golden era.
",I Love My '90s Hip-Hop,100,37i9dQZF1DX186v583rmzp,spotify:playlist:37i9dQZF1DX186v583rmzp
0JQ5DAqbMKFQ00XGBls6ym,The south got something to say. Cover: OutKast,I Love My Down South Classics,50,37i9dQZF1DWYok9l1JL7GM,spotify:playlist:37i9dQZF1DWYok9l1JL7GM
0JQ5DAqbMKFQ00XGBls6ym,The best side! Cover: Cypress Hill,I Love My West Coast Classics,50,37i9dQZF1DX9sQDbOMReFI,spotify:playlist:37i9dQZF1DX9sQDbOMReFI
0JQ5DAqbMKFQ00XGBls6ym,Where it all started. Cover: Nas,I Love My East Coast Classics,50,37i9dQZF1DWYGxBNe4qojI,spotify:playlist:37i9dQZF1DWYGxBNe4qojI
0JQ5DAqbMKFQ00XGBls6ym,It's a Midwest thing. Cover: Nelly,I Love My Midwest Classics,50,37i9dQZF1DWTJzNR1J5ygQ,spotify:playlist:37i9dQZF1DWTJzNR1J5ygQ
0JQ5DAqbMKFQ00XGBls6ym,"Essential songs from the late '90s, early 2000s underground hip-hop scene. Cover: Madvillain",I Love My Underground Classics,50,37i9dQZF1DXdUAMxTn0rVu,spotify:playlist:37i9dQZF1DXdUAMxTn0rVu
0JQ5DAqbMKFQ00XGBls6ym,Classics from trailblazing women in hip-hop. Cover: Ms. Lauryn Hill,Door Knockers,50,37i9dQZF1DX9iGsUcr0Bpa,spotify:playlist:37i9dQZF1DX9iGsUcr0Bpa
0JQ5DAqbMKFQ00XGBls6ym,Taking it back to the 2000s. Cover: Rick Ross,I Love My 2000s Hip-Hop,100,37i9dQZF1DX1lHW2vbQwNN,spotify:playlist:37i9dQZF1DX1lHW2vbQwNN
0JQ5DAqbMKFQ00XGBls6ym,o melhor do trap d√° o play e aumenta! Foto: MC Caverinha,Trapperz Brasil,50,37i9dQZF1DWWr5uieiPUVM,spotify:playlist:37i9dQZF1DWWr5uieiPUVM
0JQ5DAqbMKFARvdmw6EIef,Os sucessos e as novidades dos grandes nomes do pagode. Foto: Belo,Pagodeira,75,37i9dQZF1DWVjNkaVEkL3X,spotify:playlist:37i9dQZF1DWVjNkaVEkL3X
0JQ5DAqbMKFARvdmw6EIef,Uma viagem no tempo atrav√©s dos hits cl√°ssicos do Pagode. Foto: Molejo,Pagode das Antigas,100,37i9dQZF1DXchBFvKSUooB,spotify:playlist:37i9dQZF1DXchBFvKSUooB
0JQ5DAqbMKFARvdmw6EIef,"Os lan√ßamentos mais esperados do Pagode est√£o aqui! Foto: Guga Nandes, Belo",Pagodin,90,37i9dQZF1DXaxIuRWwYocy,spotify:playlist:37i9dQZF1DXaxIuRWwYocy
0JQ5DAqbMKFARvdmw6EIef,"Sucessos do pagode pra cantar junto, sem descanso e sem freio! Foto: Belo",Domingu√™ra,75,37i9dQZF1DXc1j0125Pa5C,spotify:playlist:37i9dQZF1DXc1j0125Pa5C
0JQ5DAqbMKFARvdmw6EIef,"Aqueles pagodes que te colocaram pra sorrir e pra chorar, √†s vezes ao mesmo tempo. Foto: Turma do Pagode",Cole√ß√£o Pagode,100,37i9dQZF1DX7CZIZFUsRDm,spotify:playlist:37i9dQZF1DX7CZIZFUsRDm
0JQ5DAqbMKFARvdmw6EIef,"MC Paulin da Capital, Mc Piedro, Dj GM, DJ WN, MC Ryan SP, Mc Daniel e mais artistas da cultura preta brasileira, puxando o bonde pra geral ganhar o mundo.",AMPLIFIKA,50,37i9dQZF1DX95vhptNy3YE,spotify:playlist:37i9dQZF1DX95vhptNy3YE
0JQ5DAqbMKFARvdmw6EIef,O melhor do pagodinho em modo romance. Foto: P√©ricles,Pagode Rom√¢ntico,75,37i9dQZF1DXbW8B5ArmaoC,spotify:playlist:37i9dQZF1DXbW8B5ArmaoC
0JQ5DAqbMKFARvdmw6EIef,"O melhor da mistura do Pagode com o Sertanejo! Foto: Gabrielzinho, Diego & Victor Hugo",Pagonejo,75,37i9dQZF1DX8zzEIlrraBU,spotify:playlist:37i9dQZF1DX8zzEIlrraBU
0JQ5DAqbMKFARvdmw6EIef,Sucessos pra gente matar a saudade da era de ouro do samba e do pagode. Foto: Jorge Arag√£o,Pagode Anos 90,75,37i9dQZF1DXcIuKvbG2Dm8,spotify:playlist:37i9dQZF1DXcIuKvbG2Dm8
0JQ5DAqbMKFARvdmw6EIef,Os cl√°ssicos do ritmo que definiu o Brasil. Foto: Beth Carvalho,Cole√ß√£o Samba,100,37i9dQZF1DWX4CmhTadwuL,spotify:playlist:37i9dQZF1DWX4CmhTadwuL
0JQ5DAqbMKFARvdmw6EIef,"Os lan√ßamentos mais esperados do Pagode est√£o aqui! Foto: Guga Nandes, Belo",Pagodin,90,37i9dQZF1DXaxIuRWwYocy,spotify:playlist:37i9dQZF1DXaxIuRWwYocy
0JQ5DAqbMKFARvdmw6EIef,"Aqueles pagodes que te colocaram pra sorrir e pra chorar, √†s vezes ao mesmo tempo. Foto: Turma do Pagode",Cole√ß√£o Pagode,100,37i9dQZF1DX7CZIZFUsRDm,spotify:playlist:37i9dQZF1DX7CZIZFUsRDm
0JQ5DAqbMKFARvdmw6EIef,Aquela batucada de lei pra ouvir com a galera. Foto: Milthinho,Resenha na Laje,50,37i9dQZF1DWWWv7yywepel,spotify:playlist:37i9dQZF1DWWWv7yywepel
0JQ5DAqbMKFARvdmw6EIef,"O talento dos partideiros e versadores das comunidades do Brasil! Foto: Vinny Santa F√©, Marina Iris",Batuqueiros,52,37i9dQZF1DXc4dYxgBQ1lf,spotify:playlist:37i9dQZF1DXc4dYxgBQ1lf
0JQ5DAqbMKFARvdmw6EIef,The songs that inspired Ronaldinho in the 2000s. Handpicked by the Brazilian and Bar√ßa legend himself!,Bar√ßa Legends: R10,50,37i9dQZF1DX3qlucjkX5Dv,spotify:playlist:37i9dQZF1DX3qlucjkX5Dv
0JQ5DAqbMKFARvdmw6EIef,Sucessos pra gente matar a saudade da era de ouro do samba e do pagode. Foto: Jorge Arag√£o,Pagode Anos 90,75,37i9dQZF1DXcIuKvbG2Dm8,spotify:playlist:37i9dQZF1DXcIuKvbG2Dm8
0JQ5DAqbMKFARvdmw6EIef,Grandes sucessos do samba rock pra arrastar o sof√° e quebrar o bracinho. ,Sambalan√ßo,50,37i9dQZF1DX94Xc0f4tUlY,spotify:playlist:37i9dQZF1DX94Xc0f4tUlY
0JQ5DAqbMKFARvdmw6EIef,Os sucessos e as novidades dos grandes nomes do pagode. Foto: Belo,Pagodeira,75,37i9dQZF1DWVjNkaVEkL3X,spotify:playlist:37i9dQZF1DWVjNkaVEkL3X
0JQ5DAqbMKFARvdmw6EIef,"Vinte anos, j√°? Confira esses cl√°ssicos do samba e do pagode, porque sim - j√° estamos prontos para essa conversa.  Foto: Imaginasamba",Pagode Anos 2000,75,37i9dQZF1DX4hOz6C9ArMY,spotify:playlist:37i9dQZF1DX4hOz6C9ArMY
0JQ5DAqbMKFARvdmw6EIef,This is Grupo Fundo De Quintal. Todos os maiores hits em uma s√≥ playlist.,This Is Grupo Fundo De Quintal,51,37i9dQZF1DZ06evO15VGfY,spotify:playlist:37i9dQZF1DZ06evO15VGfY
0JQ5DAqbMKFHCaWrPJOoNF,Vers√µes desplugadas para grandes hits e novidades da MPB.,Ac√∫stico MPB,90,37i9dQZF1DWTo2LqahHGYj,spotify:playlist:37i9dQZF1DWTo2LqahHGYj
0JQ5DAqbMKFHCaWrPJOoNF,Can√ß√µes que ajudaram a escrever a Hist√≥ria da M√∫sica Popular Brasileira. Foto: Maria Beth√¢nia,Cole√ß√£o MPB,100,37i9dQZF1DWZlBWh8A1Ygd,spotify:playlist:37i9dQZF1DWZlBWh8A1Ygd
0JQ5DAqbMKFHCaWrPJOoNF,Aquelas pra come√ßar o dia de alma leve,Manh√£ Relax,50,37i9dQZF1DX47UHGK8zGt8,spotify:playlist:37i9dQZF1DX47UHGK8zGt8
0JQ5DAqbMKFHCaWrPJOoNF,Os grandes artistas da MPB. Foto: MPB4,O Melhor da MPB,94,37i9dQZF1DX9FSYmdU9mbT,spotify:playlist:37i9dQZF1DX9FSYmdU9mbT
0JQ5DAqbMKFHCaWrPJOoNF,"Pegue seu caf√©, ache um bom lugar para sentar, ajuste seu fone de ouvido e aproveite o momento.",Cafezinho,70,37i9dQZF1DWV6hddfqLW3Z,spotify:playlist:37i9dQZF1DWV6hddfqLW3Z
0JQ5DAqbMKFHCaWrPJOoNF,As novas e as cl√°ssicas da nossa m√∫sica brasileira para os pequenos.,MPB para Crian√ßas,50,37i9dQZF1DXbnTV8GtwMLQ,spotify:playlist:37i9dQZF1DXbnTV8GtwMLQ
0JQ5DAqbMKFHCaWrPJOoNF,Toda beleza da m√∫sica brasileira reunida em um √∫nico lugar. Foto: Os Garotin,Aquarela Brasileira,70,37i9dQZF1DWZ8wKkpiPwjx,spotify:playlist:37i9dQZF1DWZ8wKkpiPwjx
0JQ5DAqbMKFHCaWrPJOoNF,"Da origem do samba at√© os dias de hoje, os artistas pretos que marcaram a hist√≥ria da m√∫sica brasileira. Foto: Luiz Melodia",P√©rolas Negras,69,37i9dQZF1DWWsfIdwltZ7x,spotify:playlist:37i9dQZF1DWWsfIdwltZ7x
0JQ5DAqbMKFHCaWrPJOoNF,celebre seu dia no maior astral! ,Tenha um √ìtimo Dia!,70,37i9dQZF1DX7KTVQYEg01L,spotify:playlist:37i9dQZF1DX7KTVQYEg01L
0JQ5DAqbMKFHCaWrPJOoNF,Os grandes hinos da m√∫sica brasileira!,Brasilidades,97,37i9dQZF1DX1CXodF7H3OX,spotify:playlist:37i9dQZF1DX1CXodF7H3OX
0JQ5DAqbMKFHCaWrPJOoNF,Aquelas pra come√ßar o dia de alma leve,Manh√£ Relax,50,37i9dQZF1DX47UHGK8zGt8,spotify:playlist:37i9dQZF1DX47UHGK8zGt8
0JQ5DAqbMKFHCaWrPJOoNF,"Pegue seu caf√©, ache um bom lugar para sentar, ajuste seu fone de ouvido e aproveite o momento.",Cafezinho,70,37i9dQZF1DWV6hddfqLW3Z,spotify:playlist:37i9dQZF1DWV6hddfqLW3Z
0JQ5DAqbMKFHCaWrPJOoNF,M√∫sica brasileira para temperar as receitas do dia-a-dia.,Cozinhando em Casa,60,37i9dQZF1DWWA91mpJ5Ldc,spotify:playlist:37i9dQZF1DWWA91mpJ5Ldc
0JQ5DAqbMKFHCaWrPJOoNF,M√∫sica brasileira e as cores de um p√¥r do sol para completar o seu dia.,P√¥r do sol na areia,85,37i9dQZF1DWXHa19SBc9xY,spotify:playlist:37i9dQZF1DWXHa19SBc9xY
0JQ5DAqbMKFHCaWrPJOoNF,Vers√µes desplugadas para grandes hits e novidades da MPB.,Ac√∫stico MPB,90,37i9dQZF1DWTo2LqahHGYj,spotify:playlist:37i9dQZF1DWTo2LqahHGYj
0JQ5DAqbMKFHCaWrPJOoNF,Grandes hinos da m√∫sica brasileira para animar sua pista de dan√ßa! ,Festa Brasileira,57,37i9dQZF1DX1oTjVZnUYT3,spotify:playlist:37i9dQZF1DX1oTjVZnUYT3
0JQ5DAqbMKFHCaWrPJOoNF,"Um pouco de folk, jazz e MPB para acordar com o p√© na estrada.",Amanhecer na Estrada,60,37i9dQZF1DX7C2YzRKS41S,spotify:playlist:37i9dQZF1DX7C2YzRKS41S
0JQ5DAqbMKFHCaWrPJOoNF,Can√ß√µes que ajudaram a escrever a Hist√≥ria da M√∫sica Popular Brasileira. Foto: Maria Beth√¢nia,Cole√ß√£o MPB,100,37i9dQZF1DWZlBWh8A1Ygd,spotify:playlist:37i9dQZF1DWZlBWh8A1Ygd
0JQ5DAqbMKFHCaWrPJOoNF,Os grandes artistas da MPB. Foto: MPB4,O Melhor da MPB,94,37i9dQZF1DX9FSYmdU9mbT,spotify:playlist:37i9dQZF1DX9FSYmdU9mbT
0JQ5DAqbMKFHCaWrPJOoNF,This is Caetano Veloso. Todos os maiores hits em uma s√≥ playlist.,This Is Caetano Veloso,50,37i9dQZF1DZ06evO4yX5Sg,spotify:playlist:37i9dQZF1DZ06evO4yX5Sg
0JQ5DAqbMKFM6qDjp13Rui,"MC Paulin da Capital, Mc Piedro, Dj GM, DJ WN, MC Ryan SP, Mc Daniel e mais artistas da cultura preta brasileira, puxando o bonde pra geral ganhar o mundo.",AMPLIFIKA,50,37i9dQZF1DX95vhptNy3YE,spotify:playlist:37i9dQZF1DX95vhptNy3YE
0JQ5DAqbMKFM6qDjp13Rui,"bgl √© seu estilo ser original voc√™s j√° sabem. Foto: Vulgo FK, Oruam, Tz da Coronel",O Drip,50,37i9dQZF1DWT22037si3kl,spotify:playlist:37i9dQZF1DWT22037si3kl
0JQ5DAqbMKFM6qDjp13Rui,"M√∫sica com identidade: bem preta, bem brasileira. Foto: Milton Nascimento, Esperanza Spalding",MPrB,50,37i9dQZF1DX5w1M5Q5bm0S,spotify:playlist:37i9dQZF1DX5w1M5Q5bm0S
0JQ5DAqbMKFM6qDjp13Rui,Aquela batucada de lei pra ouvir com a galera. Foto: Milthinho,Resenha na Laje,50,37i9dQZF1DWWWv7yywepel,spotify:playlist:37i9dQZF1DWWWv7yywepel
0JQ5DAqbMKFM6qDjp13Rui,"Liga a rapa e marcha no que √©. Foto: Mc Brinquedo, MC Cebezinho, MC Tuto, Mc Laranjinha",Churrasquin dos Cria,50,37i9dQZF1DXa4pzcufmR8n,spotify:playlist:37i9dQZF1DXa4pzcufmR8n
0JQ5DAqbMKFM6qDjp13Rui,"Todos pro alto, cada um com o seu. Foto: Danzo",Cop√£o na M√£o,50,37i9dQZF1DXbTYpRASjxaF,spotify:playlist:37i9dQZF1DXbTYpRASjxaF
0JQ5DAqbMKFM6qDjp13Rui,"s√≥ faixa rosa, tem disposi√ß√£o? üéÄ Foto: Afreekassia",Baby Hair,50,37i9dQZF1DX1CDfMq8oOPq,spotify:playlist:37i9dQZF1DX1CDfMq8oOPq
0JQ5DAqbMKFM6qDjp13Rui,"voc√™ e ele, voc√™ e ela, pique o casal mais mandrake da quebra tlgd. Foto: MC Mirella, Mc Gabzin",Casal Mandrake,50,37i9dQZF1DX0prPGsXNyt4,spotify:playlist:37i9dQZF1DX0prPGsXNyt4
0JQ5DAqbMKFM6qDjp13Rui,"Da origem do samba at√© os dias de hoje, os artistas pretos que marcaram a hist√≥ria da m√∫sica brasileira. Foto: Luiz Melodia",P√©rolas Negras,69,37i9dQZF1DWWsfIdwltZ7x,spotify:playlist:37i9dQZF1DWWsfIdwltZ7x
0JQ5DAqbMKFM6qDjp13Rui,"bgl √© seu estilo ser original voc√™s j√° sabem. Foto: Vulgo FK, Oruam, Tz da Coronel",O Drip,50,37i9dQZF1DWT22037si3kl,spotify:playlist:37i9dQZF1DWT22037si3kl
0JQ5DAqbMKFM6qDjp13Rui,"M√∫sica com identidade: bem preta, bem brasileira. Foto: Milton Nascimento, Esperanza Spalding",MPrB,50,37i9dQZF1DX5w1M5Q5bm0S,spotify:playlist:37i9dQZF1DX5w1M5Q5bm0S
0JQ5DAqbMKFM6qDjp13Rui,"Liga a rapa e marcha no que √©. Foto: Mc Brinquedo, MC Cebezinho, MC Tuto, Mc Laranjinha",Churrasquin dos Cria,50,37i9dQZF1DXa4pzcufmR8n,spotify:playlist:37i9dQZF1DXa4pzcufmR8n
0JQ5DAqbMKFM6qDjp13Rui,Aquela batucada de lei pra ouvir com a galera. Foto: Milthinho,Resenha na Laje,50,37i9dQZF1DWWWv7yywepel,spotify:playlist:37i9dQZF1DWWWv7yywepel
0JQ5DAqbMKFM6qDjp13Rui,"s√≥ faixa rosa, tem disposi√ß√£o? üéÄ Foto: Afreekassia",Baby Hair,50,37i9dQZF1DX1CDfMq8oOPq,spotify:playlist:37i9dQZF1DX1CDfMq8oOPq
0JQ5DAqbMKFM6qDjp13Rui,"Todos pro alto, cada um com o seu. Foto: Danzo",Cop√£o na M√£o,50,37i9dQZF1DXbTYpRASjxaF,spotify:playlist:37i9dQZF1DXbTYpRASjxaF
0JQ5DAqbMKFM6qDjp13Rui,"voc√™ e ele, voc√™ e ela, pique o casal mais mandrake da quebra tlgd. Foto: MC Mirella, Mc Gabzin",Casal Mandrake,50,37i9dQZF1DX0prPGsXNyt4,spotify:playlist:37i9dQZF1DX0prPGsXNyt4
0JQ5DAqbMKFM6qDjp13Rui,House Music = Black Music. Foto: Honey Dijon,House √© Preta,50,37i9dQZF1DX0HlTnOUVANe,spotify:playlist:37i9dQZF1DX0HlTnOUVANe
0JQ5DAqbMKFM6qDjp13Rui,"Da origem do samba at√© os dias de hoje, os artistas pretos que marcaram a hist√≥ria da m√∫sica brasileira. Foto: Luiz Melodia",P√©rolas Negras,69,37i9dQZF1DWWsfIdwltZ7x,spotify:playlist:37i9dQZF1DWWsfIdwltZ7x
0JQ5DAqbMKFM6qDjp13Rui,Bandas pretas que criaram e transformaram o rock. Foto: Gary Clark Jr. ,(Black) Metal,50,37i9dQZF1DX8p7QHH0X7oJ,spotify:playlist:37i9dQZF1DX8p7QHH0X7oJ
0JQ5DAqbMKFM6qDjp13Rui,"Adoradores pretos mostrando que a cor n√£o √© do pecado, mas repleta de ben√ß√£os. Foto: Samuel Messias",A Cor da Ben√ß√£o,60,37i9dQZF1DXb844dSuHvcD,spotify:playlist:37i9dQZF1DXb844dSuHvcD
0JQ5DAqbMKFHOzuVTgTizF,Vem com as tracks dos maiores nomes da m√∫sica eletr√¥nica nacional. Foto: Rooftime,mint brasil,50,37i9dQZF1DXd14ByHZraz1,spotify:playlist:37i9dQZF1DXd14ByHZraz1
0JQ5DAqbMKFHOzuVTgTizF,"Eletr√¥nico do momento para curtir onde estiver. Foto: KVSH, CERES, DISORDER",Dance Paradise,80,37i9dQZF1DXaPK7HyVedIT,spotify:playlist:37i9dQZF1DXaPK7HyVedIT
0JQ5DAqbMKFHOzuVTgTizF,Ou√ßa as novidades da cena eletr√¥nica. Foto: Sterium ,Novos Beats,73,37i9dQZF1DWSLpR93nYbUo,spotify:playlist:37i9dQZF1DWSLpR93nYbUo
0JQ5DAqbMKFHOzuVTgTizF,The best of Brazilian House. Photo: Meca,House Brasil,71,37i9dQZF1DWUUpbL2j5aTT,spotify:playlist:37i9dQZF1DWUUpbL2j5aTT
0JQ5DAqbMKFHOzuVTgTizF,"Na m√∫sica eletr√¥nica underground brasileira, nos vemos no front.",Front BR,50,37i9dQZF1DWSeQli95cQHM,spotify:playlist:37i9dQZF1DWSeQli95cQHM
0JQ5DAqbMKFHOzuVTgTizF,Entre na onda com hits tropicais e remixes para curtir a praia com amigos.,Festa na Praia,70,37i9dQZF1DX41UmHm2vtav,spotify:playlist:37i9dQZF1DX41UmHm2vtav
0JQ5DAqbMKFHOzuVTgTizF,"O melhor do trance feito na Am√©rica Latina / Lo mejor del trance latino. Foto: Delta Species, Middle-D",Trance Latino,62,37i9dQZF1DX4MAWmETv8JA,spotify:playlist:37i9dQZF1DX4MAWmETv8JA
0JQ5DAqbMKFHOzuVTgTizF,the beat of your drift,phonk,100,37i9dQZF1DWWY64wDtewQt,spotify:playlist:37i9dQZF1DWWY64wDtewQt
0JQ5DAqbMKFHOzuVTgTizF,Entre na onda com hits tropicais e remixes para curtir a praia com amigos.,Festa na Praia,70,37i9dQZF1DX41UmHm2vtav,spotify:playlist:37i9dQZF1DX41UmHm2vtav
0JQ5DAqbMKFHOzuVTgTizF,"Eletr√¥nico do momento para curtir onde estiver. Foto: KVSH, CERES, DISORDER",Dance Paradise,80,37i9dQZF1DXaPK7HyVedIT,spotify:playlist:37i9dQZF1DXaPK7HyVedIT
0JQ5DAqbMKFHOzuVTgTizF,The summer needs dance hits üòé‚òÄÔ∏è,Summer Dance Hits 2024,120,37i9dQZF1DWZ7eJRBxKzdO,spotify:playlist:37i9dQZF1DWZ7eJRBxKzdO
0JQ5DAqbMKFHOzuVTgTizF,Vem com as tracks dos maiores nomes da m√∫sica eletr√¥nica nacional. Foto: Rooftime,mint brasil,50,37i9dQZF1DXd14ByHZraz1,spotify:playlist:37i9dQZF1DXd14ByHZraz1
0JQ5DAqbMKFHOzuVTgTizF,"<a href=""spotify:genre:edm_dance"">Dance</a> to the rhythm and move your feet!",Dance Party,150,37i9dQZF1DXaXB8fQg7xif,spotify:playlist:37i9dQZF1DXaXB8fQg7xif
0JQ5DAqbMKFHOzuVTgTizF,"Dance, bass, EDM, trap, phonk: the perfect gaming mix.",Ultra Gaming,100,37i9dQZF1DWYN9NBqvY7Tx,spotify:playlist:37i9dQZF1DWYN9NBqvY7Tx
0JQ5DAqbMKFHOzuVTgTizF,Remixed hits from the past.,Remix Hits,100,37i9dQZF1DX7D8GQsPKGvy,spotify:playlist:37i9dQZF1DX7D8GQsPKGvy
0JQ5DAqbMKFHOzuVTgTizF,100% cl√°ssicos.,EDM Hits,60,37i9dQZF1DX3Kdv0IChEm9,spotify:playlist:37i9dQZF1DX3Kdv0IChEm9
0JQ5DAqbMKFHOzuVTgTizF,"All the <a href=""spotify:genre:edm_dance"">big ones</a> with Kygo & Zak Abel",Dance Hits,75,37i9dQZF1DX0BcQWzuB7ZO,spotify:playlist:37i9dQZF1DX0BcQWzuB7ZO
0JQ5DAqbMKFHOzuVTgTizF,"<a href=""spotify:artist:6caPJFLv1wesmM7gwK1ACy"">Boris Brejcha</a>'s favorite tracks. Updated regularly. Curated by Boris Brejcha. Discover more track IDs playlists <a href=""spotify:genre:track_id"">here</a>.",Boris Brejcha's track IDs,69,37i9dQZF1DWXjs5HmaJqaY,spotify:playlist:37i9dQZF1DWXjs5HmaJqaY
0JQ5DAqbMKFHOzuVTgTizF,"<a href=""spotify:artist:1UL813H5aj3e8ekE5RqWqc"">Tale Of Us</a>'s favorite tracks. Updated regularly. Curated by Tale Of Us. Discover more track IDs playlists <a href=""spotify:genre:track_id"">here</a>.",Tale Of Us track IDs,80,37i9dQZF1DWYSp7hjZhav2,spotify:playlist:37i9dQZF1DWYSp7hjZhav2
0JQ5DAqbMKFHOzuVTgTizF,"<a href=""spotify:artist:6wMr4zKPrrR0UVz08WtUWc"">Black Coffee</a>'s favorite tracks. Updated regularly. Curated by Black Coffee. More track IDs <a href=""spotify:genre:track_id"">here</a>.",Black Coffee's track IDs,83,37i9dQZF1DXc8VZ9nbXQ1z,spotify:playlist:37i9dQZF1DXc8VZ9nbXQ1z
0JQ5DAqbMKFy0OenPG51Av,A palavra do Senhor na voz de grandes adoradores do Brasil. Foto: fhop music,Sucessos Gospel,75,37i9dQZF1DX0OEZC3cbQmU,spotify:playlist:37i9dQZF1DX0OEZC3cbQmU
0JQ5DAqbMKFy0OenPG51Av,A m√∫sica certa para o seu momento de adora√ß√£o. Foto: Julliany Souza,Louvor & Adora√ß√£o,100,37i9dQZF1DX3iXpjyhBzel,spotify:playlist:37i9dQZF1DX3iXpjyhBzel
0JQ5DAqbMKFy0OenPG51Av,Ou√ßa os √∫ltimos lan√ßamentos da m√∫sica Crist√£. Foto: Anderson Freire,Novidades Religiosas,50,37i9dQZF1DX7ROOw5S4Xdq,spotify:playlist:37i9dQZF1DX7ROOw5S4Xdq
0JQ5DAqbMKFy0OenPG51Av,Um ano de ben√ß√£os por Isadora Pompeo.,F√© Pelo Ouvir: Isadora Pompeo,31,37i9dQZF1DX1AqQsk9faDK,spotify:playlist:37i9dQZF1DX1AqQsk9faDK
0JQ5DAqbMKFy0OenPG51Av,Os grandes hinos reunidos em um √∫nico lugar. Foto: Damares,Gospel Cl√°ssicos,70,37i9dQZF1DXaLcyqp5JErz,spotify:playlist:37i9dQZF1DXaLcyqp5JErz
0JQ5DAqbMKFy0OenPG51Av,Relaxe com hinos ac√∫sticos. Foto: Ton Carfi,Gospel Ac√∫stico,80,37i9dQZF1DX7O8ONc6Mo0L,spotify:playlist:37i9dQZF1DX7O8ONc6Mo0L
0JQ5DAqbMKFy0OenPG51Av,Ou√ßa as novidades e grandes louvores Pentecostais. Foto: Kailane Frauches,Louvores Pentecostais,85,37i9dQZF1DWTvrPFPIwgwG,spotify:playlist:37i9dQZF1DWTvrPFPIwgwG
0JQ5DAqbMKFy0OenPG51Av,"Os padres e nomes que movem multid√µes pelo pa√≠s. Foto: Davidson Silva, Dan√∫bia M.J",M√∫sica Cat√≥lica ,69,37i9dQZF1DX9foP18YmfwY,spotify:playlist:37i9dQZF1DX9foP18YmfwY
0JQ5DAqbMKFy0OenPG51Av,Ou√ßa e conhe√ßa as revela√ß√µes da m√∫sica gospel. Foto: Bea Rodrigues,Revela√ß√£o Gospel,60,37i9dQZF1DX3uTE4ljTDvd,spotify:playlist:37i9dQZF1DX3uTE4ljTDvd
0JQ5DAqbMKFy0OenPG51Av,Ou√ßa as principais vozes de adoradoras do gospel brasileiro. Foto: Bruna Olly,Mulheres do Gospel,80,37i9dQZF1DX7kiwPSdr2Bd,spotify:playlist:37i9dQZF1DX7kiwPSdr2Bd
0JQ5DAqbMKFy0OenPG51Av,"Entre os versos e beats, a palavra do Senhor. Foto: Noventa, Vk Mac",Gospel Flow,85,37i9dQZF1DXc6PRIxq2w5v,spotify:playlist:37i9dQZF1DXc6PRIxq2w5v
0JQ5DAqbMKFy0OenPG51Av,Ou√ßa as novidades e sucessos do Pop Crist√£o. Foto: Luma Elpidio,Pop Gospel,85,37i9dQZF1DWXia8adWhIq7,spotify:playlist:37i9dQZF1DWXia8adWhIq7
0JQ5DAqbMKFy0OenPG51Av,"A alegria do Senhor √© a vossa for√ßa! Entre no groove com o melhor do Soul, Funk e Disco Crist√£o. Foto: Eli Soares",Grooveria Gospel,80,37i9dQZF1DWYZ7fMlF5ORU,spotify:playlist:37i9dQZF1DWYZ7fMlF5ORU
0JQ5DAqbMKFy0OenPG51Av,A palavra de Jesus embalada pelo ritmo sertanejo. Foto: Can√ß√£o & Louvor,Sertanejo Religioso,60,37i9dQZF1DWZxPtFzzWt6R,spotify:playlist:37i9dQZF1DWZxPtFzzWt6R
0JQ5DAqbMKFy0OenPG51Av,Grandes sucessos e novidades do rock Crist√£o. Foto: Oficina G3,Templo do Rock,70,37i9dQZF1DWZ0BlvV9acBN,spotify:playlist:37i9dQZF1DWZ0BlvV9acBN
0JQ5DAqbMKFy0OenPG51Av,Amor aben√ßoado por Deus.,Gospel Rom√¢ntico,65,37i9dQZF1DWXG4Kg5rawni,spotify:playlist:37i9dQZF1DWXG4Kg5rawni
0JQ5DAqbMKFy0OenPG51Av,A palavra do Senhor pra voc√™ dan√ßar.,Balada Gospel,75,37i9dQZF1DXbHyOLBdwV5A,spotify:playlist:37i9dQZF1DXbHyOLBdwV5A
0JQ5DAqbMKFy0OenPG51Av,"No caminho para igreja, trabalho ou voltando para casa, louve ao Senhor em todo o tempo. ",Louvando no Tr√¢nsito,120,37i9dQZF1DWTpqftD7aloH,spotify:playlist:37i9dQZF1DWTpqftD7aloH
0JQ5DAqbMKFy0OenPG51Av,Lavando e louvando a Deus com grandes hinos.,Louvando e Lou√ßa,70,37i9dQZF1DWY9crkqLGj4o,spotify:playlist:37i9dQZF1DWY9crkqLGj4o
0JQ5DAqbMKFy0OenPG51Av,Uma pausa no dia para tomar um chocolate quente e aproveitar seu momento com Deus. ,Chocolate Crente,69,37i9dQZF1DWX3SAODMj4JP,spotify:playlist:37i9dQZF1DWX3SAODMj4JP
0JQ5DAqbMKFDXXwE9BDJAr,Os hits do rock internacional e nacional est√£o reunidos nesta playlist. Foto: Billy Idol,Rock Forever,100,37i9dQZF1DXcmaoFmN75bi,spotify:playlist:37i9dQZF1DXcmaoFmN75bi
0JQ5DAqbMKFDXXwE9BDJAr,"""i just have to trust myself"" ‚à¥ W ‚à¥ Foto: WILLOW",do rockeeee,50,37i9dQZF1DX0PYkdiz2e8k,spotify:playlist:37i9dQZF1DX0PYkdiz2e8k
0JQ5DAqbMKFDXXwE9BDJAr,Os hits hist√≥ricos da d√©cada de ouro do rock nacional. Foto: Cazuza.,BRock 80,60,37i9dQZF1DWUjoOWKKJzAy,spotify:playlist:37i9dQZF1DWUjoOWKKJzAy
0JQ5DAqbMKFDXXwE9BDJAr,Sucessos e novidades do rock calminho pra relaxar o seu dia! Foto: kamaitachi,Rock Leve,75,37i9dQZF1DX4vCk1GJH7zl,spotify:playlist:37i9dQZF1DX4vCk1GJH7zl
0JQ5DAqbMKFDXXwE9BDJAr,O melhor do rock ac√∫stico nacional e internacional para curtir e relaxar.,Rock Ac√∫stico,75,37i9dQZF1DWXZo3QlWdchi,spotify:playlist:37i9dQZF1DWXZo3QlWdchi
0JQ5DAqbMKFDXXwE9BDJAr,Aumente o volume e ou√ßa as bandas que est√£o com tudo no rock! Foto: Incubus,Volume M√°ximo,75,37i9dQZF1DX4908CEYEdlz,spotify:playlist:37i9dQZF1DX4908CEYEdlz
0JQ5DAqbMKFDXXwE9BDJAr,Os monstros e as novas caras do Metal nacional e internacional! Foto: ANGRA,Imp√©rio do Metal,75,37i9dQZF1DX8MxTboxJuGE,spotify:playlist:37i9dQZF1DX8MxTboxJuGE
0JQ5DAqbMKFDXXwE9BDJAr,Uma viagem no tempo com grandes hits da hist√≥ria do Emo no Brasil. Foto: Emoponto,Cole√ß√£o Emo,60,37i9dQZF1DWZWPnggOS86l,spotify:playlist:37i9dQZF1DWZWPnggOS86l
0JQ5DAqbMKFDXXwE9BDJAr,Uma viagem no tempo atrav√©s de grandes cl√°ssicos do Rock!,Rock Retr√¥,50,37i9dQZF1DX2e5iuTsMOoD,spotify:playlist:37i9dQZF1DX2e5iuTsMOoD
0JQ5DAqbMKFDXXwE9BDJAr,Rock legends & epic songs that continue to inspire generations. Cover: Foo Fighters,Rock Classics,200,37i9dQZF1DWXRqgorJj26U,spotify:playlist:37i9dQZF1DWXRqgorJj26U
0JQ5DAqbMKFDXXwE9BDJAr,Os hits do rock internacional e nacional est√£o reunidos nesta playlist. Foto: Billy Idol,Rock Forever,100,37i9dQZF1DXcmaoFmN75bi,spotify:playlist:37i9dQZF1DXcmaoFmN75bi
0JQ5DAqbMKFDXXwE9BDJAr,Rock legends & epic songs that continue to inspire generations. Cover: Foo Fighters,Rock Classics,200,37i9dQZF1DWXRqgorJj26U,spotify:playlist:37i9dQZF1DWXRqgorJj26U
0JQ5DAqbMKFDXXwE9BDJAr,This is Janis Joplin. Todos os maiores hits em uma s√≥ playlist.,This Is Janis Joplin,50,37i9dQZF1DZ06evO2Oo4IE,spotify:playlist:37i9dQZF1DZ06evO2Oo4IE
0JQ5DAqbMKFDXXwE9BDJAr,Sucessos e novidades do rock calminho pra relaxar o seu dia! Foto: kamaitachi,Rock Leve,75,37i9dQZF1DX4vCk1GJH7zl,spotify:playlist:37i9dQZF1DX4vCk1GJH7zl
0JQ5DAqbMKFDXXwE9BDJAr,O melhor do rock ac√∫stico nacional e internacional para curtir e relaxar.,Rock Ac√∫stico,75,37i9dQZF1DWXZo3QlWdchi,spotify:playlist:37i9dQZF1DWXZo3QlWdchi
0JQ5DAqbMKFDXXwE9BDJAr,Great songs by indisputable music legends. Cover: The Beatles,Legendary,70,37i9dQZF1DWWGFQLoP9qlv,spotify:playlist:37i9dQZF1DWWGFQLoP9qlv
0JQ5DAqbMKFDXXwE9BDJAr,Face-melters only. Cover: Eddie Van Halen,Legendary Guitar Solos,50,37i9dQZF1DWSlJG7YPUBHF,spotify:playlist:37i9dQZF1DWSlJG7YPUBHF
0JQ5DAqbMKFDXXwE9BDJAr,Os hits do rock internacional e nacional est√£o reunidos nesta playlist. Foto: Billy Idol,Rock Forever,100,37i9dQZF1DXcmaoFmN75bi,spotify:playlist:37i9dQZF1DXcmaoFmN75bi
0JQ5DAqbMKFDXXwE9BDJAr,Even rockers need a break.,Chill Rock,60,37i9dQZF1DX2UXfvEIZvDK,spotify:playlist:37i9dQZF1DX2UXfvEIZvDK
0JQ5DAqbMKFDXXwE9BDJAr,Expand your mind with these psychedelic rock treasures. Cover: The Doors,Psychedelic Rock,75,37i9dQZF1DWSDoVybeQisg,spotify:playlist:37i9dQZF1DWSDoVybeQisg
0JQ5DAqbMKFCWjUTdzaG0e,"Everlasting indie hits, ft Dijon.",Essential Indie,100,37i9dQZF1DX26DKvjp0s9M,spotify:playlist:37i9dQZF1DX26DKvjp0s9M
0JQ5DAqbMKFCWjUTdzaG0e,Music that created modern indie as we know it. Cover: Yeah Yeah Yeahs,The 2000s Indie Scene,75,37i9dQZF1DX9LbdoYID5v7,spotify:playlist:37i9dQZF1DX9LbdoYID5v7
0JQ5DAqbMKFCWjUTdzaG0e,The essential beautiful noise: sweet and sour fuzz to warm your heart. Slowdive on cover,Shoegaze Classics,148,37i9dQZF1DX6ujZpAN0v9r,spotify:playlist:37i9dQZF1DX6ujZpAN0v9r
0JQ5DAqbMKFCWjUTdzaG0e,Seminal indie pop tracks from the 2010s. Cover: Blood Orange., Indie Pop 2010s,100,37i9dQZF1DXaLaoaQqrfyO,spotify:playlist:37i9dQZF1DXaLaoaQqrfyO
0JQ5DAqbMKFCWjUTdzaG0e,"Glimmering, warm, and bright memories: Broadcast on the cover.",Dreampop Classics,50,37i9dQZF1DXcNf6sH1qnKU,spotify:playlist:37i9dQZF1DXcNf6sH1qnKU
0JQ5DAqbMKFCWjUTdzaG0e,2014 highlights from the home of indie music. Cover: Lorde,Best of Indie 2014,100,37i9dQZF1DX3asLxmR3A9e,spotify:playlist:37i9dQZF1DX3asLxmR3A9e
0JQ5DAqbMKFCWjUTdzaG0e,These early pioneers brought the underground to the foreground. Cover: The Smiths,Early Alternative,75,37i9dQZF1DXdTCdwCKzXwo,spotify:playlist:37i9dQZF1DXdTCdwCKzXwo
0JQ5DAqbMKFCWjUTdzaG0e,The best alternative songs of the decade. Cover: Glass Animals,Alternative 10s,80,37i9dQZF1DX873GaRGUmPl,spotify:playlist:37i9dQZF1DX873GaRGUmPl
0JQ5DAqbMKFCWjUTdzaG0e,Atmospheric textures & downtempo beats. Cover: Beth Gibbons of Portishead ,Trip Hop,75,37i9dQZF1DWVXbA4kjkg6G,spotify:playlist:37i9dQZF1DWVXbA4kjkg6G
0JQ5DAqbMKFCWjUTdzaG0e,All the indelible tunes from the other side of the 00s. Cover: LCD Soundsystem,Alternative 00s,80,37i9dQZF1DX0YKekzl0blG,spotify:playlist:37i9dQZF1DX0YKekzl0blG
0JQ5DAqbMKFCWjUTdzaG0e,indiezices e alternatividades. Foto: PLUMA,alt BR,65,37i9dQZF1DWZi7MSnECo7D,spotify:playlist:37i9dQZF1DWZi7MSnECo7D
0JQ5DAqbMKFCWjUTdzaG0e,Novidades do indie mundial. Foto: Mitski,Indie Stage,95,37i9dQZF1DX1hBl8Jfe9dd,spotify:playlist:37i9dQZF1DX1hBl8Jfe9dd
0JQ5DAqbMKFCWjUTdzaG0e,Voc√™ j√° dan√ßou muito essas m√∫sicas num inferninho insalubre. Foto: The Strokes,Indiespens√°vel,65,37i9dQZF1DWXx6OpWBkqVv,spotify:playlist:37i9dQZF1DWXx6OpWBkqVv
0JQ5DAqbMKFCWjUTdzaG0e,The best alternative songs of the decade. Cover: Glass Animals,Alternative 10s,80,37i9dQZF1DX873GaRGUmPl,spotify:playlist:37i9dQZF1DX873GaRGUmPl
0JQ5DAqbMKFCWjUTdzaG0e,All the indelible tunes from the other side of the 00s. Cover: LCD Soundsystem,Alternative 00s,80,37i9dQZF1DX0YKekzl0blG,spotify:playlist:37i9dQZF1DX0YKekzl0blG
0JQ5DAqbMKFCWjUTdzaG0e,This is Yeah Yeah Yeahs. Todos os maiores hits em uma s√≥ playlist.,This Is Yeah Yeah Yeahs,48,37i9dQZF1DZ06evO2h0PGU,spotify:playlist:37i9dQZF1DZ06evO2h0PGU
0JQ5DAqbMKFCWjUTdzaG0e,This is The Strokes. Todos os maiores hits em uma s√≥ playlist.,This Is The Strokes,41,37i9dQZF1DZ06evO04caZO,spotify:playlist:37i9dQZF1DZ06evO04caZO
0JQ5DAqbMKFCWjUTdzaG0e,This is The 1975. Todos os maiores hits em uma s√≥ playlist.,This Is The 1975,40,37i9dQZF1DZ06evO1X6Ic8,spotify:playlist:37i9dQZF1DZ06evO1X6Ic8
0JQ5DAqbMKFCWjUTdzaG0e,This is Arctic Monkeys. Todos os maiores hits em uma s√≥ playlist.,This Is Arctic Monkeys,55,37i9dQZF1DZ06evO4BaAkp,spotify:playlist:37i9dQZF1DZ06evO4BaAkp
0JQ5DAqbMKFCWjUTdzaG0e,This is Alabama Shakes. Todos os maiores hits em uma s√≥ playlist.,This Is Alabama Shakes,16,37i9dQZF1DZ06evO0AQB3i,spotify:playlist:37i9dQZF1DZ06evO0AQB3i
0JQ5DAqbMKFOOxftoKZxod,"Podcasts que voc√™ precisa ter no RADAR. Capa: <a href=""spotify:show:27BapqwMhGJQ28paJU8bDE"">bom mesmo √© ser emocionada</a>",RADAR Podcasters Brasil,9,37i9dQZF1DXdWgffwYAtHM,spotify:playlist:37i9dQZF1DXdWgffwYAtHM
0JQ5DAqbMKFOOxftoKZxod,Os Garotin e novos talentos do Brasil. D√™ play no futuro.,RADAR Brasil,40,37i9dQZF1DWTVE8ZCcLQ5Q,spotify:playlist:37i9dQZF1DWTVE8ZCcLQ5Q
0JQ5DAqbMKFOOxftoKZxod,Meet the future. New artists on the horizon. Cover: The Indien.,RADAR Global ,150,37i9dQZF1DWTU63finroJM,spotify:playlist:37i9dQZF1DWTU63finroJM
0JQ5DAqbMKFOOxftoKZxod,"New songwriters on the horizon from around the world. Cover: <a href=""spotify:artist:2qc9hUbCzCqU3svfjrs1Tg"">Mert √áodur</a> ‚ú®",RADAR Songwriters,60,37i9dQZF1DX2TlTLxcIo6J,spotify:playlist:37i9dQZF1DX2TlTLxcIo6J
0JQ5DAqbMKFOOxftoKZxod,Os Garotin e novos talentos do Brasil. D√™ play no futuro.,RADAR Brasil,40,37i9dQZF1DWTVE8ZCcLQ5Q,spotify:playlist:37i9dQZF1DWTVE8ZCcLQ5Q
0JQ5DAqbMKFOOxftoKZxod,This is Mc Luanna. Todos os maiores hits em uma s√≥ playlist.,This Is Mc Luanna,50,37i9dQZF1DZ06evO45TXx1,spotify:playlist:37i9dQZF1DZ06evO45TXx1
0JQ5DAqbMKFOOxftoKZxod,"Podcasts que voc√™ precisa ter no RADAR. Capa: <a href=""spotify:show:27BapqwMhGJQ28paJU8bDE"">bom mesmo √© ser emocionada</a>",RADAR Podcasters Brasil,9,37i9dQZF1DXdWgffwYAtHM,spotify:playlist:37i9dQZF1DXdWgffwYAtHM
0JQ5DAqbMKFOOxftoKZxod,This is Senndy. Todos os maiores hits em uma s√≥ playlist.,This Is Senndy,29,37i9dQZF1DZ06evO3FkOzL,spotify:playlist:37i9dQZF1DZ06evO3FkOzL
0JQ5DAqbMKFOOxftoKZxod,This is Abbot. Todos os maiores hits em uma s√≥ playlist.,This Is Abbot,50,37i9dQZF1DZ06evO17EDOX,spotify:playlist:37i9dQZF1DZ06evO17EDOX
0JQ5DAqbMKFOOxftoKZxod,This is Slipmami. Todos os maiores hits em uma s√≥ playlist.,This Is Slipmami,32,37i9dQZF1DZ06evO0OvxGG,spotify:playlist:37i9dQZF1DZ06evO0OvxGG
0JQ5DAqbMKFOOxftoKZxod,"This is Ryu, The Runner. Todos os maiores hits em uma s√≥ playlist.","This Is Ryu, The Runner",41,37i9dQZF1DZ06evO17SFjA,spotify:playlist:37i9dQZF1DZ06evO17SFjA
0JQ5DAqbMKFOOxftoKZxod,This is Mc Kako. Todos os maiores hits em uma s√≥ playlist.,This Is Mc Kako,50,37i9dQZF1DZ06evO3mLbKE,spotify:playlist:37i9dQZF1DZ06evO3mLbKE
0JQ5DAqbMKFOOxftoKZxod,"The most exciting new music, featuring Tucker Wetmore.",RADAR US,50,37i9dQZF1DWY0DyDKedRYY,spotify:playlist:37i9dQZF1DWY0DyDKedRYY
0JQ5DAqbMKFOOxftoKZxod,"The most exciting new artists on the rise from the African continent & diaspora. Cover: <a href=""https://open.spotify.com/artist/6omm7OGZMQZ2XODf4JVKnQ?si=LIvjpBufTzuEnfsCe5ul3g"">Manana</a>, <a href=""https://open.spotify.com/artist/4TKhxSkqClXrdtUWgKqHVU?si=egylZMFXTKKjxV-LkmPxCQ"">Shallipopi</a> and <a href=""https://open.spotify.com/artist/3sjmAVaeka80SCvK69bedW?si=Hb4fENpGRRW4g9bWlLEXHA"">Joshua Baraka</a>",RADAR Africa,50,37i9dQZF1DWYc8Z858eGwP,spotify:playlist:37i9dQZF1DWYc8Z858eGwP
0JQ5DAqbMKFOOxftoKZxod,"Welcome to RADAR: A space for storytelling going beyond the music featuring Yaeger, Sam Ezeh, LOVA, Mina Okabe, Augustine & IVAN$ITO from the Nordics!",RADAR Nordics,60,37i9dQZF1DWV7gN1qBoBYg,spotify:playlist:37i9dQZF1DWV7gN1qBoBYg
0JQ5DAqbMKFOOxftoKZxod,Unearthing up-and-coming Korean acts. (Cover: RIIZE),RADAR Korea,50,37i9dQZF1DX9IALXsyt8zk,spotify:playlist:37i9dQZF1DX9IALXsyt8zk
0JQ5DAqbMKFOOxftoKZxod,"Discover new artists on the horizon this 2024. Cover: Ysanygo

",RADAR Philippines,33,37i9dQZF1DWVp4cWdnm5ws,spotify:playlist:37i9dQZF1DWVp4cWdnm5ws
0JQ5DAqbMKFOOxftoKZxod,Os Garotin e novos talentos do Brasil. D√™ play no futuro.,RADAR Brasil,40,37i9dQZF1DWTVE8ZCcLQ5Q,spotify:playlist:37i9dQZF1DWTVE8ZCcLQ5Q
0JQ5DAqbMKFOOxftoKZxod,Th·∫ø h·ªá ngh·ªá sƒ© m·ªõi. ·∫¢nh b√¨a: SIXTYUPTOWN,RADAR Vietnam,56,37i9dQZF1DX0dUsjwqfaGM,spotify:playlist:37i9dQZF1DX0dUsjwqfaGM
0JQ5DAqbMKFOOxftoKZxod,2024 ÂÖ®Êñ∞Èô£ÂÆπÂá∫ÂàóÔºÅMEET THE FUTURE Ë¶ãË®ºÊú™‰æÜÂ∑®ÊòüÔºÅCover: Á¶™Ê≥¢ (ZENB√ò),RADAR Êñ∞Âã¢Âäõ,33,37i9dQZF1DX2P3E6UOxZyt,spotify:playlist:37i9dQZF1DX2P3E6UOxZyt
0JQ5DAqbMKFGnsSfvg90Wo,Listen to the hottest songs from LGBTQIA+ artists. Cover: Luisa Almaguer,GLOW,50,37i9dQZF1DX3LyU0mhfqgP,spotify:playlist:37i9dQZF1DX3LyU0mhfqgP
0JQ5DAqbMKFGnsSfvg90Wo,Os maiores hits e novidades de artistas LGBTQIA+ est√£o aqui. Foto: Lia Clark,AUGE,50,37i9dQZF1DWZylNQMXNhNe,spotify:playlist:37i9dQZF1DWZylNQMXNhNe
0JQ5DAqbMKFGnsSfvg90Wo,"Sucessos e novidades de artistas Brasileires LGBTQIA+ que nos enchem de orgulho! Foto: Silva, Liniker",Orgulho Tropical,50,37i9dQZF1DWZ8fJXMbebf9,spotify:playlist:37i9dQZF1DWZ8fJXMbebf9
0JQ5DAqbMKFGnsSfvg90Wo,Pared√£o de artistas LGBTQIA+ para sarrar e descer at√© o ch√£o. Foto: Romero Ferro,Pared√£o LGBT*,60,37i9dQZF1DX7FziKHpF2uu,spotify:playlist:37i9dQZF1DX7FziKHpF2uu
0JQ5DAqbMKFGnsSfvg90Wo,"Sertanejo e sofr√™ncia de todas as cores do arco-√≠ris, com muito orgulho. Foto: Gabeu",Mod√£o do Vale,40,37i9dQZF1DX9Yx9DsqkzRO,spotify:playlist:37i9dQZF1DX9Yx9DsqkzRO
0JQ5DAqbMKFGnsSfvg90Wo,"<a href=""http://spotify.com/transvisibility"">Take action to support the transgender community.</a> Cover: Arca",Transcend,50,37i9dQZF1DWViyN2b86Qnu,spotify:playlist:37i9dQZF1DWViyN2b86Qnu
0JQ5DAqbMKFGnsSfvg90Wo,Bold and pioneering. LGBTQIA+ artists and allies at the centre of electronic music culture. Cover: I. JORDAN,Club Resistance,70,37i9dQZF1DWTLrNDPW5co2,spotify:playlist:37i9dQZF1DWTLrNDPW5co2
0JQ5DAqbMKFGnsSfvg90Wo,Left of center indie/alternative LGBTQIA+ artists. Cover: The Japanese House,Alternative Pride,75,37i9dQZF1DWTMR78LDoAZC,spotify:playlist:37i9dQZF1DWTMR78LDoAZC
0JQ5DAqbMKFGnsSfvg90Wo,sua vez de fazer o lip sync pela sua vida! üåà Troye Sivan,pop poc,60,37i9dQZF1DWTptVByHM6Tk,spotify:playlist:37i9dQZF1DWTptVByHM6Tk
0JQ5DAqbMKFGnsSfvg90Wo,Pista boa √© aquela pra bater cabelo e se jogar.,Fervo,50,37i9dQZF1DXcjvYvHoIYE6,spotify:playlist:37i9dQZF1DXcjvYvHoIYE6
0JQ5DAqbMKFGnsSfvg90Wo,M√∫sicas rom√¢nticas para celebrar o amor em todas as suas formas.,Amar Sem Temer,36,37i9dQZF1DWUPAXn34gs7k,spotify:playlist:37i9dQZF1DWUPAXn34gs7k
0JQ5DAqbMKFGnsSfvg90Wo,"Referenciar quem veio antes e nos deu possibilidades de SER celebrando o orgulho LGBTQIAPN+  / por <a href=""spotify:artist:59HfwvJUsywrWQZNGnoY9B"">BATEKOO</a>",Respeito no Repeat,81,37i9dQZF1DXboDJsa87FCO,spotify:playlist:37i9dQZF1DXboDJsa87FCO
0JQ5DAqbMKFGnsSfvg90Wo,Queens everywhere - givin' us life. Cover: Tia Kofi,Fierce,90,37i9dQZF1DWZZCoBbLu26P,spotify:playlist:37i9dQZF1DWZZCoBbLu26P
0JQ5DAqbMKFGnsSfvg90Wo,Four to the floor with your disco queens and kings. Cover: Sylvester,Disco Fever,50,37i9dQZF1DX2GKumqRIZ7g,spotify:playlist:37i9dQZF1DX2GKumqRIZ7g
0JQ5DAqbMKFGnsSfvg90Wo,"The powerful, expressive sound of Ballroom and Vogue culture - pioneered by the black LGBTQIA+ community. Cover: Cakes da Killa",The Ballroom (Vogue),100,37i9dQZF1DX147VuwpqwJX,spotify:playlist:37i9dQZF1DX147VuwpqwJX
0JQ5DAqbMKFGnsSfvg90Wo,LGBTQIA+ artists like you've never heard before. Cover: Joy Oladokun,Spotify Singles: Pride,52,37i9dQZF1DXcaEXdyjLdxm,spotify:playlist:37i9dQZF1DXcaEXdyjLdxm
0JQ5DAqbMKFGnsSfvg90Wo,Tu t√°ta tu tat√°... el beat funk de Brasil para el mundo. Baile bonitoooo Foto: Anitta,es funk y el cuerpo lo sabe üáßüá∑,70,37i9dQZF1DXd96wQHeeDYo,spotify:playlist:37i9dQZF1DXd96wQHeeDYo
0JQ5DAqbMKFGnsSfvg90Wo,sim sou possessiva e esse bofe eh meu n gosto me processa / Ariana Grande,pov,60,37i9dQZF1DX54NB08XsyEC,spotify:playlist:37i9dQZF1DX54NB08XsyEC
0JQ5DAqbMKFGnsSfvg90Wo,"The essentials from songwriter <a href=""https://artists.spotify.com/songwriter/4ZIckimeCjQpyqu39pufX2"">Leland</a>, all in one playlist. <a href=""spotify:genre:0JQ5DAqbMKFSCjnQr8QZ3O"">Discover more songwriters on Spotify</a>.",Written By Leland,168,37i9dQZF1EFE4tqXM95AGH,spotify:playlist:37i9dQZF1EFE4tqXM95AGH
0JQ5DAqbMKFGnsSfvg90Wo,"The essentials from songwriter <a href=""https://artists.spotify.com/songwriter/1D1lDfaOy483s8BIQRjBSS"">JHart</a>, all in one playlist. <a href=""spotify:genre:0JQ5DAqbMKFSCjnQr8QZ3O"">Discover more songwriters on Spotify</a>.",Written By JHart,176,37i9dQZF1EFC92RTjdqKpN,spotify:playlist:37i9dQZF1EFC92RTjdqKpN
